10,141,-1.81,,,,,,,,,,,,
10.19,138.35,-3.45,,,,,,,,,,,,
10.38,135.8,-5.27,,,,,,,,,,,,
10.57,133.34,-7.09,,,,,,,,,,,,
10.76,130.97,-8.91,,,,,,,,,,,,
10.95,128.68,-10.68,,,,,,,,,,,,
11.14,126.47,-12.22,,,,,,,,,,,,
11.33,124.33,-13.6,,,,,,,,,,,,
11.52,122.26,-14.87,,,,,,,,,,,,
11.71,120.26,-16.06,,,,,,,,,,,,
11.9,118.33,-17.19,,,,,,,,,,,,
12.09,116.45,-18.3,,,,,,,,,,,,
12.28,114.64,-19.42,,,,,,,,,,,,
12.47,112.87,-20.5,,,,,,,,,,,,
12.66,111.16,-21.53,,,,,,,,,,,,
12.85,109.51,-22.53,,,,,,,,,,,,
13.04,107.9,-23.49,,,,,,,,,,,,
13.23,106.33,-24.4,,,,,,,,,,,,
13.42,104.81,-25.28,,,,,,,,,,,,
13.61,103.34,-26.12,,,,,,,,,,,,
13.8,101.9,-26.92,,,,,,,,,,,,
13.99,100.5,-27.67,,,,,,,,,,,,
14.18,99.14,-28.39,,,,,,,,,,,,
14.37,97.82,-29.07,,,,,,,,,,,,
14.559999,96.53,-29.71,,,,,,,,,,,,
14.75,95.27,-30.31,,,,,,,,,,,,
14.940001,94.05,-30.87,,,,,,,,,,,,
15.13,92.85,-31.38,,,,,,,,,,,,
15.32,91.69,-31.85,,,,,,,,,,,,  
15.51,90.55,-32.29,,,,,,,,,,,,
15.7,89.45,-32.69,,,,,,,,,,,,
15.889999,88.36,-33.06,,,,,,,,,,,,
16.08,87.31,-33.41,,,,,,,,,,,,
16.27,86.28,-33.73,,,,,,,,,,,,
16.459999,85.27,-34.03,,,,,,,,,,,,
16.65,84.29,-34.3,,,,,,,,,,,,
16.84,83.32,-34.54,,,,,,,,,,,,
17.030001,82.38,-34.75,,,,,,,,,,,,
17.219999,81.46,-34.93,,,,,,,,,,,,
17.41,80.56,-35.08,,,,,,,,,,,,
17.6,79.68,-35.21,,,,,,,,,,,,
17.790001,78.82,-35.31,,,,,,,,,,,,
17.98,77.98,-35.39,,,,,,,,,,,,
18.17,77.15,-35.47,,,,,,,,,,,,
18.360001,76.34,-35.52,,,,,,,,,,,,
18.549999,75.55,-35.55,,,,,,,,,,,,
18.74,74.77,-35.56,,,,,,,,,,,,
18.93,74.01,-35.55,,,,,,,,,,,,
19.119999,73.27,-35.49,,,,,,,,,,,,
19.310001,72.54,-35.41,,,,,,,,,,,,
19.5,71.82,-35.31,,,,,,,,,,,,
19.689999,71.12,-35.2,,,,,,,,,,,,
19.880001,70.43,-35.09,,,,,,,,,,,,
20.07,69.75,-34.98,,,,,,,,,,,,
20.26,69.09,-34.9,,,,,,,,,,,,
20.450001,68.44,-34.81,,,,,,,,,,,,
20.639999,67.8,-34.71,,,,,,,,,,,,
20.83,67.17,-34.6,,,,,,,,,,,,
21.02,66.55,-34.47,,,,,,,,,,,,
21.209999,65.95,-34.3,,,,,,,,,,,,
21.4,65.36,-34.11,,,,,,,,,,,,
21.59,64.77,-33.91,,,,,,,,,,,,
21.779999,64.2,-33.68,,,,,,,,,,,,
21.970001,63.63,-33.45,,,,,,,,,,,,
22.16,63.08,-33.19,,,,,,,,,,,,
22.35,62.53,-32.92,,,,,,,,,,,,
22.540001,62,-32.64,,,,,,,,,,,,
22.73,61.47,-32.35,,,,,,,,,,,,
22.92,60.95,-32.05,,,,,,,,,,,,
23.110001,60.45,-31.73,,,,,,,,,,,,
23.299999,59.94,-31.41,,,,,,,,,,,,
23.49,59.45,-31.08,,,,,,,,,,,,
23.68,58.97,-30.74,,,,,,,,,,,,
23.869999,58.49,-30.39,,,,,,,,,,,,
24.060001,58.02,-30.05,,,,,,,,,,,,
24.25,57.56,-29.72,,,,,,,,,,,,
24.439999,57.1,-29.4,,,,,,,,,,,,
24.630001,56.65,-29.06,,,,,,,,,,,,
24.82,56.21,-28.73,,,,,,,,,,,,
25.01,55.78,-28.39,,,,,,,,,,,,
25.200001,55.35,-28.05,,,,,,,,,,,,
25.389999,54.93,-27.71,,,,,,,,,,,,
25.58,54.51,-27.36,,,,,,,,,,,,
25.77,54.1,-27.02,,,,,,,,,,,,
25.959999,53.7,-26.67,,,,,,,,,,,,
26.15,53.3,-26.32,,,,,,,,,,,,
26.34,52.91,-25.97,,,,,,,,,,,,
26.530001,52.52,-25.61,,,,,,,,,,,,
26.719999,52.14,-25.25,,,,,,,,,,,,
26.91,51.77,-24.9,,,,,,,,,,,,
27.1,51.4,-24.53,,,,,,,,,,,,
27.290001,51.03,-24.17,,,,,,,,,,,,
27.48,50.67,-23.81,,,,,,,,,,,,
27.67,50.32,-23.44,,,,,,,,,,,,
27.860001,49.97,-23.08,,,,,,,,,,,,
28.049999,49.62,-22.71,,,,,,,,,,,,
28.24,49.28,-22.33,,,,,,,,,,,,
28.43,48.95,-21.96,,,,,,,,,,,,
28.620001,48.62,-21.59,,,,,,,,,,,,
28.809999,48.29,-21.23,,,,,,,,,,,,
29,47.97,-20.87,,,,,,,,,,,,
29.190001,47.65,-20.52,,,,,,,,,,,,
29.379999,47.33,-20.17,,,,,,,,,,,,
29.57,47.02,-19.81,,,,,,,,,,,,
29.76,46.72,-19.45,,,,,,,,,,,,
29.950001,46.41,-19.1,,,,,,,,,,,,
30.139999,46.11,-18.76,,,,,,,,,,,,
30.33,45.82,-18.42,,,,,,,,,,,,
30.52,45.53,-18.08,,,,,,,,,,,,
30.709999,45.24,-17.75,,,,,,,,,,,,
30.9,44.95,-17.42,,,,,,,,,,,,
31.09,44.67,-17.09,,,,,,,,,,,,
31.280001,44.4,-16.77,,,,,,,,,,,,
31.469999,44.12,-16.45,,,,,,,,,,,,
31.66,43.85,-16.13,,,,,,,,,,,,
31.85,43.58,-15.82,,,,,,,,,,,,
32.040001,43.32,-15.51,,,,,,,,,,,,
32.23,43.06,-15.2,,,,,,,,,,,,
32.419998,42.8,-14.89,,,,,,,,,,,,
32.610001,42.54,-14.6,,,,,,,,,,,,
32.799999,42.29,-14.3,,,,,,,,,,,,
32.989998,42.04,-14.01,,,,,,,,,,,,
33.18,41.8,-13.72,,,,,,,,,,,,
33.370003,41.55,-13.44,,,,,,,,,,,,
33.559998,41.31,-13.16,,,,,,,,,,,,
33.75,41.07,-12.88,,,,,,,,,,,,
33.940002,40.84,-12.61,,,,,,,,,,,,
34.129997,40.61,-12.33,,,,,,,,,,,,
34.32,40.38,-12.07,,,,,,,,,,,,
34.510002,40.15,-11.81,,,,,,,,,,,,
34.700001,39.92,-11.55,,,,,,,,,,,,
34.889999,39.7,-11.3,,,,,,,,,,,,
35.080002,39.48,-11.04,,,,,,,,,,,,
35.27,39.26,-10.8,,,,,,,,,,,,
35.459999,39.05,-10.55,,,,,,,,,,,,
35.650002,38.83,-10.31,,,,,,,,,,,,
35.84,38.62,-10.08,,,,,,,,,,,,
36.029999,38.41,-9.84,,,,,,,,,,,,
36.220001,38.2,-9.61,,,,,,,,,,,,
36.41,38,-9.39,,,,,,,,,,,,
36.599998,37.8,-9.16,,,,,,,,,,,,
36.790001,37.6,-8.94,,,,,,,,,,,,
36.98,37.4,-8.73,,,,,,,,,,,,
37.169998,37.2,-8.51,,,,,,,,,,,,
37.360001,37.01,-8.3,,,,,,,,,,,,
37.549999,36.82,-8.1,,,,,,,,,,,,
37.739998,36.63,-7.9,,,,,,,,,,,,
37.93,36.44,-7.7,,,,,,,,,,,,
38.120003,36.25,-7.51,,,,,,,,,,,,
38.309998,36.07,-7.32,,,,,,,,,,,,
38.5,35.88,-7.13,,,,,,,,,,,,
38.690002,35.7,-6.95,,,,,,,,,,,,
38.879997,35.52,-6.77,,,,,,,,,,,,
39.07,35.35,-6.59,,,,,,,,,,,,
39.260002,35.17,-6.42,,,,,,,,,,,,
39.450001,34.99,-6.25,,,,,,,,,,,,
39.639999,34.82,-6.08,,,,,,,,,,,,
39.830002,34.65,-5.92,,,,,,,,,,,,
40.02,34.48,-5.77,,,,,,,,,,,,
40.209999,34.31,-5.62,,,,,,,,,,,,
40.400002,34.15,-5.47,,,,,,,,,,,,
40.59,33.98,-5.32,,,,,,,,,,,,
40.779999,33.82,-5.18,,,,,,,,,,,,
40.970001,33.66,-5.05,,,,,,,,,,,,
41.16,33.5,-4.92,,,,,,,,,,,,
41.349998,33.34,-4.79,,,,,,,,,,,,
41.540001,33.18,-4.67,,,,,,,,,,,,
41.73,33.03,-4.56,,,,,,,,,,,,
41.919998,32.87,-4.46,,,,,,,,,,,,
42.110001,32.72,-4.36,,,,,,,,,,,,
42.299999,32.57,-4.27,,,,,,,,,,,,
42.490002,32.42,-4.18,,,,,,,,,,,,
42.68,32.27,-4.11,,,,,,,,,,,,
42.869999,32.12,-4.05,,,,,,,,,,,,
43.060001,31.98,-3.99,,,,,,,,,,,,
43.25,31.83,-3.95,,,,,,,,,,,,
43.439999,31.69,-3.92,,,,,,,,,,,,
43.630001,31.55,-3.9,,,,,,,,,,,,
43.82,31.41,-3.9,,,,,,,,,,,,
44.009998,31.27,-3.91,,,,,,,,,,,,
44.200001,31.13,-3.94,,,,,,,,,,,,
44.389999,30.99,-3.98,,,,,,,,,,,,
44.580002,30.85,-4.05,,,,,,,,,,,,
44.77,30.72,-4.13,,,,,,,,,,,,
44.959999,30.58,-4.24,,,,,,,,,,,,
45.150002,30.45,-4.38,,,,,,,,,,,,
45.34,30.32,-4.54,,,,,,,,,,,,
45.529999,30.19,-4.73,,,,,,,,,,,,
45.720001,30.06,-4.95,,,,,,,,,,,,
45.91,29.93,-5.21,,,,,,,,,,,,
46.099998,29.8,-5.5,,,,,,,,,,,,
46.290001,29.68,-5.83,,,,,,,,,,,,
46.48,29.55,-6.19,,,,,,,,,,,,
46.669998,29.43,-6.6,,,,,,,,,,,,
46.860001,29.3,-7.07,,,,,,,,,,,,
47.049999,29.18,-7.58,,,,,,,,,,,,
47.240002,29.06,-8.16,,,,,,,,,,,,
47.43,28.94,-8.8,,,,,,,,,,,,
47.619999,28.82,-9.51,,,,,,,,,,,,
47.810001,28.7,-10.29,,,,,,,,,,,,
48,28.58,-11.14,,,,,,,,,,,,
48.189999,28.47,-12.09,,,,,,,,,,,,
48.380001,28.35,-13.12,,,,,,,,,,,,
48.57,28.24,-14.23,,,,,,,,,,,,
48.759998,28.12,-15.43,,,,,,,,,,,,
48.950001,28.01,-16.71,,,,,,,,,,,,
49.139999,27.9,-18.06,,,,,,,,,,,,
49.330002,27.79,-19.5,,,,,,,,,,,,
49.52,27.68,-21.04,,,,,,,,,,,,
49.709999,27.57,-22.67,,,,,,,,,,,,
49.900002,27.46,-24.39,,,,,,,,,,,,
50.09,27.35,-26.23,,,,,,,,,,,,
50.279999,27.24,-28.17,,,,,,,,,,,,
50.470001,27.14,-30.22,,,,,,,,,,,,
50.66,27.03,-32.37,,,,,,,,,,,,
50.849998,26.93,-34.62,,,,,,,,,,,,
51.040001,26.82,-36.98,,,,,,,,,,,,
51.23,26.72,-39.45,,,,,,,,,,,,
51.419998,26.62,-42.01,,,,,,,,,,,,
51.610001,26.51,-44.68,,,,,,,,,,,,
51.799999,26.41,-47.44,,,,,,,,,,,,
51.990002,26.31,-50.3,,,,,,,,,,,,
52.18,26.21,-53.27,,,,,,,,,,,,
52.369999,26.11,-56.33,,,,,,,,,,,,
52.560001,26.02,-59.47,,,,,,,,,,,,
52.75,25.92,-62.67,,,,,,,,,,,,
52.939999,25.82,-65.93,,,,,,,,,,,,
53.130001,25.73,-69.23,,,,,,,,,,,,
53.32,25.63,-72.57,,,,,,,,,,,,
53.509998,25.54,-75.96,,,,,,,,,,,,
53.700001,25.44,-79.38,,,,,,,,,,,,
53.889999,25.35,-82.83,,,,,,,,,,,,
54.080002,25.26,-86.31,,,,,,,,,,,,
54.27,25.17,-89.84,,,,,,,,,,,,
54.459999,25.07,-93.39,,,,,,,,,,,,
54.650002,24.98,-96.94,,,,,,,,,,,,
54.84,24.89,-100.5,,,,,,,,,,,,
55.029999,24.8,-104.04,,,,,,,,,,,,
55.220001,24.72,-107.55,,,,,,,,,,,,
55.41,24.63,-111.01,,,,,,,,,,,,
55.599998,24.54,-114.44,,,,,,,,,,,,
55.790001,24.45,-117.84,,,,,,,,,,,,
55.98,24.37,-121.21,,,,,,,,,,,,
56.169998,24.28,-124.54,,,,,,,,,,,,
56.360001,24.2,-127.84,,,,,,,,,,,,
56.549999,24.11,-131.12,,,,,,,,,,,,
56.740002,24.03,-134.35,,,,,,,,,,,,
56.93,23.94,-137.52,,,,,,,,,,,,
57.119999,23.86,-140.64,,,,,,,,,,,,
57.310001,23.78,-143.69,,,,,,,,,,,,
57.5,23.7,-146.65,,,,,,,,,,,,
57.689999,23.61,-149.5,,,,,,,,,,,,
57.880001,23.53,-152.29,,,,,,,,,,,,
58.07,23.45,-155,,,,,,,,,,,,
58.259998,23.37,-157.66,,,,,,,,,,,,
58.450001,23.29,-160.26,,,,,,,,,,,,
58.639999,23.22,-162.83,,,,,,,,,,,,
58.830002,23.14,-165.37,,,,,,,,,,,,
59.02,23.06,-167.84,,,,,,,,,,,,
59.209999,22.98,-170.25,,,,,,,,,,,,
59.400002,22.91,-172.6,,,,,,,,,,,,
59.59,22.83,-174.87,,,,,,,,,,,,
59.779999,22.75,-177.04,,,,,,,,,,,,
59.970001,22.68,-179.11,,,,,,,,,,,,
60.16,22.6,-181.09,,,,,,,,,,,,
60.349998,22.53,-183.01,,,,,,,,,,,,
60.540001,22.46,-184.86,,,,,,,,,,,,
60.73,22.38,-186.65,,,,,,,,,,,,
60.919998,22.31,-188.36,,,,,,,,,,,,
61.110001,22.24,-190.05,,,,,,,,,,,,
61.299999,22.16,-191.68,,,,,,,,,,,,
61.490002,22.09,-193.25,,,,,,,,,,,,
61.68,22.02,-194.77,,,,,,,,,,,,
61.869999,21.95,-196.25,,,,,,,,,,,,
62.060001,21.88,-197.67,,,,,,,,,,,,
62.25,21.81,-199.06,,,,,,,,,,,,
62.439999,21.74,-200.4,,,,,,,,,,,,
62.630001,21.67,-201.69,,,,,,,,,,,,
62.82,21.6,-202.94,,,,,,,,,,,,
63.009998,21.54,-204.14,,,,,,,,,,,,
63.200001,21.47,-205.3,,,,,,,,,,,,
63.389999,21.4,-206.4,,,,,,,,,,,,
63.580002,21.33,-207.47,,,,,,,,,,,,
63.77,21.27,-208.5,,,,,,,,,,,,
63.959999,21.2,-209.5,,,,,,,,,,,,
64.150002,21.14,-210.46,,,,,,,,,,,,
64.339996,21.07,-211.39,,,,,,,,,,,,
64.529999,21.01,-212.29,,,,,,,,,,,,
64.720001,20.94,-213.22,,,,,,,,,,,,
64.910004,20.88,-214.1,,,,,,,,,,,,
65.099998,20.81,-214.94,,,,,,,,,,,,
65.290001,20.75,-215.75,,,,,,,,,,,,
65.479996,20.69,-216.53,,,,,,,,,,,,
65.669998,20.62,-217.26,,,,,,,,,,,,
65.860001,20.56,-217.95,,,,,,,,,,,,
66.050003,20.5,-218.51,,,,,,,,,,,,
66.240005,20.44,-219.05,,,,,,,,,,,,
66.43,20.38,-219.56,,,,,,,,,,,,
66.619995,20.31,-220.04,,,,,,,,,,,,
66.809998,20.25,-220.48,,,,,,,,,,,,
67,20.19,-220.9,,,,,,,,,,,,
67.190002,20.13,-221.3,,,,,,,,,,,,
67.380005,20.07,-221.78,,,,,,,,,,,,
67.57,20.02,-222.21,,,,,,,,,,,,
67.759995,19.96,-222.62,,,,,,,,,,,,
67.949997,19.9,-223.01,,,,,,,,,,,,
68.139999,19.84,-223.37,,,,,,,,,,,,
68.330002,19.78,-223.71,,,,,,,,,,,,
68.520004,19.72,-224.01,,,,,,,,,,,,
68.709999,19.67,-224.23,,,,,,,,,,,,
68.900002,19.61,-224.44,,,,,,,,,,,,
69.089996,19.55,-224.63,,,,,,,,,,,,
69.279999,19.5,-224.78,,,,,,,,,,,,
69.470001,19.44,-224.9,,,,,,,,,,,,
69.660004,19.38,-225,,,,,,,,,,,,
69.849998,19.33,-225.06,,,,,,,,,,,,
70.040001,19.27,-225.12,,,,,,,,,,,,
70.229996,19.22,-225.15,,,,,,,,,,,,
70.419998,19.16,-225.16,,,,,,,,,,,,
70.610001,19.11,-225.14,,,,,,,,,,,,
70.800003,19.06,-225.1,,,,,,,,,,,,
70.990005,19,-225.02,,,,,,,,,,,,
71.18,18.95,-224.93,,,,,,,,,,,,
71.369995,18.9,-224.82,,,,,,,,,,,,
71.559998,18.84,-224.66,,,,,,,,,,,,
71.75,18.79,-224.47,,,,,,,,,,,,
71.940002,18.74,-224.26,,,,,,,,,,,,
72.130005,18.69,-224.01,,,,,,,,,,,,
72.32,18.63,-223.73,,,,,,,,,,,,
72.509995,18.58,-223.43,,,,,,,,,,,,
72.699997,18.53,-223.09,,,,,,,,,,,,
72.889999,18.48,-222.72,,,,,,,,,,,,
73.080002,18.43,-222.32,,,,,,,,,,,,
73.270004,18.38,-221.89,,,,,,,,,,,,
73.459999,18.33,-221.43,,,,,,,,,,,,
73.650002,18.28,-220.93,,,,,,,,,,,,
73.839996,18.23,-220.41,,,,,,,,,,,,
74.029999,18.18,-219.86,,,,,,,,,,,,
74.220001,18.13,-219.27,,,,,,,,,,,,
74.410004,18.08,-218.67,,,,,,,,,,,,
74.599998,18.03,-218.02,,,,,,,,,,,,
74.790001,17.99,-217.35,,,,,,,,,,,,
74.980003,17.94,-216.64,,,,,,,,,,,,
75.169998,17.89,-215.9,,,,,,,,,,,,
75.360001,17.84,-215.14,,,,,,,,,,,,
75.550003,17.8,-214.34,,,,,,,,,,,,
75.739998,17.75,-213.49,,,,,,,,,,,,
75.93,17.7,-212.62,,,,,,,,,,,,
76.120003,17.65,-211.72,,,,,,,,,,,,
76.309998,17.61,-210.8,,,,,,,,,,,,
76.5,17.56,-209.84,,,,,,,,,,,,
76.690002,17.52,-208.85,,,,,,,,,,,,
76.879997,17.47,-207.83,,,,,,,,,,,,
77.07,17.42,-206.79,,,,,,,,,,,,
77.260002,17.38,-205.71,,,,,,,,,,,,
77.449997,17.33,-204.62,,,,,,,,,,,,
77.639999,17.29,-203.5,,,,,,,,,,,,
77.830002,17.24,-202.35,,,,,,,,,,,,
78.019997,17.2,-201.18,,,,,,,,,,,,
78.209999,17.16,-199.97,,,,,,,,,,,,
78.400002,17.11,-198.73,,,,,,,,,,,,
78.589996,17.07,-197.47,,,,,,,,,,,,
78.779999,17.02,-196.17,,,,,,,,,,,,
78.970001,16.98,-194.82,,,,,,,,,,,,
79.160004,16.94,-193.45,,,,,,,,,,,,
79.349998,16.9,-192.05,,,,,,,,,,,,
79.540001,16.85,-190.62,,,,,,,,,,,,
79.730003,16.81,-189.17,,,,,,,,,,,,
79.919998,16.77,-187.69,,,,,,,,,,,,
80.110001,16.73,-186.18,,,,,,,,,,,,
80.300003,16.68,-184.66,,,,,,,,,,,,
80.489998,16.64,-183.15,,,,,,,,,,,,
80.68,16.6,-181.59,,,,,,,,,,,,
80.870003,16.56,-180.02,,,,,,,,,,,,
81.059998,16.52,-178.43,,,,,,,,,,,,
81.25,16.48,-176.81,,,,,,,,,,,,
81.440002,16.44,-175.18,,,,,,,,,,,,
81.629997,16.4,-173.53,,,,,,,,,,,,
81.82,16.36,-171.85,,,,,,,,,,,,
82.010002,16.31,-170.14,,,,,,,,,,,,
82.199997,16.27,-168.41,,,,,,,,,,,,
82.389999,16.24,-166.66,,,,,,,,,,,,
82.580002,16.2,-164.9,,,,,,,,,,,,
82.769997,16.16,-163.12,,,,,,,,,,,,
82.959999,16.12,-161.33,,,,,,,,,,,,
83.150002,16.08,-159.53,,,,,,,,,,,,
83.339996,16.04,-157.72,,,,,,,,,,,,
83.529999,16,-155.9,,,,,,,,,,,,
83.720001,15.96,-154.08,,,,,,,,,,,,
83.910004,15.92,-152.26,,,,,,,,,,,,
84.099998,15.88,-150.44,,,,,,,,,,,,
84.290001,15.85,-148.6,,,,,,,,,,,,
84.480003,15.81,-146.77,,,,,,,,,,,,
84.669998,15.77,-144.92,,,,,,,,,,,,
84.860001,15.73,-143.07,,,,,,,,,,,,
85.050003,15.7,-141.21,,,,,,,,,,,,
85.239998,15.66,-139.35,,,,,,,,,,,,
85.43,15.62,-137.49,,,,,,,,,,,,
85.620003,15.58,-135.61,,,,,,,,,,,,
85.809998,15.55,-133.73,,,,,,,,,,,,
86,15.51,-131.85,,,,,,,,,,,,
86.190002,15.48,-129.97,,,,,,,,,,,,
86.379997,15.44,-128.08,,,,,,,,,,,,
86.57,15.4,-126.19,,,,,,,,,,,,
86.760002,15.37,-124.3,,,,,,,,,,,,
86.949997,15.33,-122.4,,,,,,,,,,,,
87.139999,15.3,-120.5,,,,,,,,,,,,
87.330002,15.26,-118.59,,,,,,,,,,,,
87.519997,15.22,-116.68,,,,,,,,,,,,
87.709999,15.19,-114.78,,,,,,,,,,,,
87.900002,15.15,-112.88,,,,,,,,,,,,
88.089996,15.12,-110.98,,,,,,,,,,,,
88.279999,15.09,-109.09,,,,,,,,,,,,
88.470001,15.05,-107.21,,,,,,,,,,,,
88.660004,15.02,-105.33,,,,,,,,,,,,
88.849998,14.98,-103.47,,,,,,,,,,,,
89.040001,14.95,-101.62,,,,,,,,,,,,
89.230003,14.91,-99.79,,,,,,,,,,,,
89.419998,14.88,-97.97,,,,,,,,,,,,
89.610001,14.85,-96.15,,,,,,,,,,,,
89.800003,14.81,-94.36,,,,,,,,,,,,
89.989998,14.78,-92.57,,,,,,,,,,,,
90.18,14.75,-90.8,,,,,,,,,,,,
90.370003,14.71,-89.04,,,,,,,,,,,,
90.559998,14.68,-87.29,,,,,,,,,,,,
90.75,14.65,-85.57,,,,,,,,,,,,
90.940002,14.61,-83.86,,,,,,,,,,,,
91.129997,14.58,-82.16,,,,,,,,,,,,
91.32,14.55,-80.49,,,,,,,,,,,,
91.510002,14.52,-78.83,,,,,,,,,,,,
91.699997,14.49,-77.18,,,,,,,,,,,,
91.889999,14.45,-75.56,,,,,,,,,,,,
92.080002,14.42,-73.95,,,,,,,,,,,,
92.269997,14.39,-72.36,,,,,,,,,,,,
92.459999,14.36,-70.81,,,,,,,,,,,,
92.650002,14.33,-69.28,,,,,,,,,,,,
92.839996,14.3,-67.77,,,,,,,,,,,,
93.029999,14.26,-66.27,,,,,,,,,,,,
93.220001,14.23,-64.79,,,,,,,,,,,,
93.410004,14.2,-63.32,,,,,,,,,,,,
93.599998,14.17,-61.87,,,,,,,,,,,,
93.790001,14.14,-60.43,,,,,,,,,,,,
93.980003,14.11,-59.01,,,,,,,,,,,,
94.169998,14.08,-57.6,,,,,,,,,,,,
94.360001,14.05,-56.17,,,,,,,,,,,,
94.550003,14.02,-54.75,,,,,,,,,,,,
94.739998,13.99,-53.35,,,,,,,,,,,,
94.93,13.96,-51.96,,,,,,,,,,,,
95.120003,13.93,-50.59,,,,,,,,,,,,
95.309998,13.9,-49.24,,,,,,,,,,,,
95.5,13.87,-47.91,,,,,,,,,,,,
95.690002,13.84,-46.59,,,,,,,,,,,,
95.879997,13.81,-45.3,,,,,,,,,,,,
96.07,13.78,-44.06,,,,,,,,,,,,
96.260002,13.75,-42.85,,,,,,,,,,,,
96.449997,13.72,-41.67,,,,,,,,,,,,
96.639999,13.69,-40.51,,,,,,,,,,,,
96.830002,13.66,-39.37,,,,,,,,,,,,
97.019997,13.64,-38.25,,,,,,,,,,,,
97.209999,13.61,-37.15,,,,,,,,,,,,
97.400002,13.58,-36.06,,,,,,,,,,,,
97.589996,13.55,-35,,,,,,,,,,,,
97.779999,13.52,-33.94,,,,,,,,,,,,
97.970001,13.49,-32.9,,,,,,,,,,,,
98.160004,13.47,-31.85,,,,,,,,,,,,
98.349998,13.44,-30.8,,,,,,,,,,,,
98.540001,13.41,-29.78,,,,,,,,,,,,
98.730003,13.38,-28.76,,,,,,,,,,,,
98.919998,13.36,-27.76,,,,,,,,,,,,
99.110001,13.33,-26.78,,,,,,,,,,,,
99.300003,13.3,-25.81,,,,,,,,,,,,
99.489998,13.27,-24.86,,,,,,,,,,,,
99.68,13.25,-23.93,,,,,,,,,,,,
99.870003,13.22,-23.01,,,,,,,,,,,,
100.06,13.19,-22.12,,,,,,,,,,,,
100.25,13.16,-21.25,,,,,,,,,,,,
100.44,13.14,-20.4,,,,,,,,,,,,
100.63,13.11,-19.57,,,,,,,,,,,,
100.82,13.08,-18.75,,,,,,,,,,,,
101.01,13.06,-17.95,,,,,,,,,,,,
101.2,13.03,-17.16,,,,,,,,,,,,
101.39,13.01,-16.39,,,,,,,,,,,,
101.58,12.98,-15.64,,,,,,,,,,,,
101.77,12.95,-14.91,,,,,,,,,,,,
101.96,12.93,-14.19,,,,,,,,,,,,
102.15,12.9,-13.49,,,,,,,,,,,,
102.34,12.88,-12.8,,,,,,,,,,,,
102.53,12.85,-12.13,,,,,,,,,,,,
102.72,12.82,-11.48,,,,,,,,,,,,
102.91,12.8,-10.83,,,,,,,,,,,,
103.1,12.77,-10.2,,,,,,,,,,,,
103.29,12.75,-9.58,,,,,,,,,,,,
103.48,12.72,-8.98,,,,,,,,,,,,
103.67,12.7,-8.39,,,,,,,,,,,,
103.86,12.67,-7.8,,,,,,,,,,,,
104.05,12.65,-7.23,,,,,,,,,,,,
104.24,12.62,-6.66,,,,,,,,,,,,
104.43,12.6,-6.11,,,,,,,,,,,,
104.62,12.57,-5.56,,,,,,,,,,,,
104.81,12.55,-5.02,,,,,,,,,,,,
105,12.52,-4.49,,,,,,,,,,,,
105.19,12.5,-3.98,,,,,,,,,,,,
105.38,12.48,-3.47,,,,,,,,,,,,
105.57,12.45,-2.97,,,,,,,,,,,,
105.76,12.43,-2.49,,,,,,,,,,,,
105.95,12.4,-2.01,,,,,,,,,,,,
106.14,12.38,-1.54,,,,,,,,,,,,
106.33,12.35,-1.09,,,,,,,,,,,,
106.52,12.33,-0.64,,,,,,,,,,,,
106.71,12.31,-0.2,,,,,,,,,,,,
106.9,12.28,0.23,,,,,,,,,,,,
107.09,12.26,0.65,,,,,,,,,,,,
107.28,12.24,1.06,,,,,,,,,,,,
107.47,12.21,1.46,,,,,,,,,,,,
107.66,12.19,1.86,,,,,,,,,,,,
107.85,12.17,2.24,,,,,,,,,,,,
108.04,12.14,2.62,,,,,,,,,,,,
108.23,12.12,2.99,,,,,,,,,,,,
108.42,12.1,3.36,,,,,,,,,,,,
108.61,12.07,3.71,,,,,,,,,,,,
108.8,12.05,4.06,,,,,,,,,,,,
108.99,12.03,4.4,,,,,,,,,,,,
109.18,12.01,4.73,,,,,,,,,,,,
109.37,11.98,5.06,,,,,,,,,,,,
109.56,11.96,5.37,,,,,,,,,,,,
109.75,11.94,5.68,,,,,,,,,,,,
109.94,11.92,5.98,,,,,,,,,,,,
110.13,11.89,6.27,,,,,,,,,,,,
110.32,11.87,6.55,,,,,,,,,,,,
110.51,11.85,6.83,,,,,,,,,,,,
110.7,11.83,7.09,,,,,,,,,,,,
110.89,11.81,7.35,,,,,,,,,,,,
111.08,11.78,7.6,,,,,,,,,,,,
111.27,11.76,7.84,,,,,,,,,,,,
111.46,11.74,8.07,,,,,,,,,,,,
111.65,11.72,8.3,,,,,,,,,,,,
111.84,11.7,8.52,,,,,,,,,,,,
112.03,11.68,8.73,,,,,,,,,,,,
112.22,11.65,8.94,,,,,,,,,,,,
112.41,11.63,9.14,,,,,,,,,,,,
112.6,11.61,9.34,,,,,,,,,,,,
112.79,11.59,9.52,,,,,,,,,,,,
112.98,11.57,9.7,,,,,,,,,,,,
113.17,11.55,9.88,,,,,,,,,,,,
113.36,11.53,10.05,,,,,,,,,,,,
113.55,11.51,10.22,,,,,,,,,,,,
113.74,11.48,10.37,,,,,,,,,,,,
113.93,11.46,10.53,,,,,,,,,,,,
114.12,11.44,10.68,,,,,,,,,,,,
114.31,11.42,10.83,,,,,,,,,,,,
114.5,11.4,10.97,,,,,,,,,,,,
114.69,11.38,11.1,,,,,,,,,,,,
114.88,11.36,11.24,,,,,,,,,,,,
115.07,11.34,11.38,,,,,,,,,,,,
115.26,11.32,11.51,,,,,,,,,,,,
115.45,11.3,11.64,,,,,,,,,,,,
115.64,11.28,11.76,,,,,,,,,,,,
115.83,11.26,11.88,,,,,,,,,,,,
116.02,11.24,12,,,,,,,,,,,,
116.21,11.22,12.11,,,,,,,,,,,,
116.4,11.2,12.22,,,,,,,,,,,,
116.59,11.18,12.32,,,,,,,,,,,,
116.78,11.16,12.42,,,,,,,,,,,,
116.97,11.14,12.52,,,,,,,,,,,,
117.16,11.12,12.6,,,,,,,,,,,,
117.35,11.1,12.69,,,,,,,,,,,,
117.54,11.08,12.76,,,,,,,,,,,,
117.73,11.06,12.84,,,,,,,,,,,,
117.92,11.04,12.91,,,,,,,,,,,,
118.11,11.02,12.97,,,,,,,,,,,,
118.3,11,13.04,,,,,,,,,,,,
118.49,10.98,13.09,,,,,,,,,,,,
118.68,10.96,13.15,,,,,,,,,,,,
118.87,10.95,13.2,,,,,,,,,,,,
119.06,10.93,13.25,,,,,,,,,,,,
119.25,10.91,13.29,,,,,,,,,,,,
119.44,10.89,13.33,,,,,,,,,,,,
119.63,10.87,13.37,,,,,,,,,,,,
119.82,10.85,13.41,,,,,,,,,,,,
120.01,10.83,13.45,,,,,,,,,,,,
120.2,10.81,13.48,,,,,,,,,,,,
120.39,10.79,13.51,,,,,,,,,,,,
120.58,10.78,13.53,,,,,,,,,,,,
120.77,10.76,13.56,,,,,,,,,,,,
120.96,10.74,13.58,,,,,,,,,,,,
121.15,10.72,13.6,,,,,,,,,,,,
121.34,10.7,13.61,,,,,,,,,,,,
121.53,10.68,13.63,,,,,,,,,,,,
121.72,10.67,13.64,,,,,,,,,,,,
121.91,10.65,13.65,,,,,,,,,,,,
122.1,10.63,13.65,,,,,,,,,,,,
122.29,10.61,13.66,,,,,,,,,,,,
122.48,10.59,13.66,,,,,,,,,,,,
122.67,10.58,13.66,,,,,,,,,,,,
122.86,10.56,13.66,,,,,,,,,,,,
123.05,10.54,13.65,,,,,,,,,,,,
123.24,10.52,13.65,,,,,,,,,,,,
123.43,10.5,13.64,,,,,,,,,,,,
123.62,10.49,13.63,,,,,,,,,,,,
123.81,10.47,13.62,,,,,,,,,,,,
124,10.45,13.6,,,,,,,,,,,,
124.19,10.43,13.59,,,,,,,,,,,,
124.38,10.42,13.57,,,,,,,,,,,,
124.57,10.4,13.55,,,,,,,,,,,,
124.76,10.38,13.53,,,,,,,,,,,,
124.95,10.36,13.51,,,,,,,,,,,,
125.14,10.35,13.48,,,,,,,,,,,,
125.33,10.33,13.45,,,,,,,,,,,,
125.52,10.31,13.43,,,,,,,,,,,,
125.71,10.3,13.4,,,,,,,,,,,,
125.9,10.28,13.36,,,,,,,,,,,,
126.09,10.26,13.33,,,,,,,,,,,,
126.28,10.24,13.29,,,,,,,,,,,,
126.47,10.23,13.25,,,,,,,,,,,,
126.66,10.21,13.22,,,,,,,,,,,,
126.85,10.19,13.17,,,,,,,,,,,,
127.04,10.18,13.13,,,,,,,,,,,,
127.23,10.16,13.08,,,,,,,,,,,,
127.42,10.14,13.03,,,,,,,,,,,,
127.61,10.13,12.98,,,,,,,,,,,,
127.8,10.11,12.93,,,,,,,,,,,,
127.99,10.09,12.88,,,,,,,,,,,,
128.17999,10.08,12.82,,,,,,,,,,,,
128.37,10.06,12.76,,,,,,,,,,,,
128.56,10.05,12.7,,,,,,,,,,,,
128.75,10.03,12.64,,,,,,,,,,,,
128.94,10.01,12.58,,,,,,,,,,,,
129.13,10,12.52,,,,,,,,,,,,
129.32001,9.98,12.46,,,,,,,,,,,,
129.51001,9.96,12.39,,,,,,,,,,,,
129.7,9.95,12.33,,,,,,,,,,,,
129.89,9.93,12.26,,,,,,,,,,,,
130.08,9.92,12.19,,,,,,,,,,,,
130.26999,9.9,12.12,,,,,,,,,,,,
130.45999,9.88,12.05,,,,,,,,,,,,
130.64999,9.87,11.98,,,,,,,,,,,,
130.84,9.85,11.9,,,,,,,,,,,,
131.03,9.84,11.83,,,,,,,,,,,,
131.22,9.82,11.75,,,,,,,,,,,,
131.41,9.81,11.68,,,,,,,,,,,,
131.60001,9.79,11.6,,,,,,,,,,,,
131.79001,9.77,11.52,,,,,,,,,,,,
131.98001,9.76,11.44,,,,,,,,,,,,
132.17,9.74,11.36,,,,,,,,,,,,
132.36,9.73,11.28,,,,,,,,,,,,
132.55,9.71,11.2,,,,,,,,,,,,
132.73999,9.7,11.11,,,,,,,,,,,,
132.92999,9.68,11.03,,,,,,,,,,,,
133.12,9.67,10.95,,,,,,,,,,,,
133.31,9.65,10.86,,,,,,,,,,,,
133.5,9.64,10.77,,,,,,,,,,,,
133.69,9.62,10.69,,,,,,,,,,,,
133.88,9.61,10.6,,,,,,,,,,,,
134.07001,9.59,10.51,,,,,,,,,,,,
134.26001,9.58,10.42,,,,,,,,,,,,
134.45,9.56,10.33,,,,,,,,,,,,
134.64,9.55,10.24,,,,,,,,,,,,
134.83,9.53,10.15,,,,,,,,,,,,
135.01999,9.52,10.05,,,,,,,,,,,,
135.20999,9.5,9.96,,,,,,,,,,,,
135.39999,9.49,9.87,,,,,,,,,,,,
135.59,9.47,9.77,,,,,,,,,,,,
135.78,9.46,9.68,,,,,,,,,,,,
135.97,9.44,9.58,,,,,,,,,,,,
136.16,9.43,9.48,,,,,,,,,,,,
136.35001,9.41,9.39,,,,,,,,,,,,
136.54001,9.4,9.29,,,,,,,,,,,,
136.73001,9.39,9.19,,,,,,,,,,,,
136.92,9.37,9.09,,,,,,,,,,,,
137.11,9.36,9,,,,,,,,,,,,
137.3,9.34,8.9,,,,,,,,,,,,
137.48999,9.33,8.8,,,,,,,,,,,,
137.67999,9.31,8.7,,,,,,,,,,,,
137.87,9.3,8.6,,,,,,,,,,,,
138.06,9.29,8.5,,,,,,,,,,,,
138.25,9.27,8.4,,,,,,,,,,,,
138.44,9.26,8.3,,,,,,,,,,,,
138.63,9.24,8.2,,,,,,,,,,,,
138.82001,9.23,8.1,,,,,,,,,,,,
139.00999,9.22,8,,,,,,,,,,,,
139.2,9.2,7.9,,,,,,,,,,,,
139.39,9.19,7.8,,,,,,,,,,,,
139.58,9.17,7.7,,,,,,,,,,,,
139.77,9.16,7.6,,,,,,,,,,,,
139.96001,9.15,7.49,,,,,,,,,,,,
140.14999,9.13,7.39,,,,,,,,,,,,
140.34,9.12,7.29,,,,,,,,,,,,
140.53,9.1,7.19,,,,,,,,,,,,
140.72,9.09,7.08,,,,,,,,,,,,
140.91,9.08,6.98,,,,,,,,,,,,
141.10001,9.06,6.88,,,,,,,,,,,,
141.28999,9.05,6.77,,,,,,,,,,,,
141.48,9.04,6.67,,,,,,,,,,,,
141.67,9.02,6.57,,,,,,,,,,,,
141.86,9.01,6.46,,,,,,,,,,,,
142.05,9,6.36,,,,,,,,,,,,
142.24001,8.98,6.26,,,,,,,,,,,,
142.42999,8.97,6.16,,,,,,,,,,,,
142.62,8.96,6.05,,,,,,,,,,,,
142.81,8.94,5.95,,,,,,,,,,,,
143,8.93,5.85,,,,,,,,,,,,
143.19,8.92,5.74,,,,,,,,,,,,
143.38,8.9,5.64,,,,,,,,,,,,
143.57001,8.89,5.54,,,,,,,,,,,,
143.75999,8.88,5.44,,,,,,,,,,,,
143.95,8.86,5.34,,,,,,,,,,,,
144.14,8.85,5.24,,,,,,,,,,,,
144.33,8.84,5.14,,,,,,,,,,,,
144.52,8.83,5.04,,,,,,,,,,,,
144.71001,8.81,4.94,,,,,,,,,,,,
144.89999,8.8,4.84,,,,,,,,,,,,
145.09,8.79,4.74,,,,,,,,,,,,
145.28,8.77,4.64,,,,,,,,,,,,
145.47,8.76,4.55,,,,,,,,,,,,
145.66,8.75,4.45,,,,,,,,,,,,
145.85001,8.74,4.36,,,,,,,,,,,,
146.03999,8.72,4.27,,,,,,,,,,,,
146.23,8.71,4.17,,,,,,,,,,,,
146.42,8.7,4.08,,,,,,,,,,,,
146.61,8.69,3.99,,,,,,,,,,,,
146.8,8.67,3.9,,,,,,,,,,,,
146.99001,8.66,3.81,,,,,,,,,,,,
147.17999,8.65,3.73,,,,,,,,,,,,
147.37,8.64,3.64,,,,,,,,,,,,
147.56,8.62,3.55,,,,,,,,,,,,
147.75,8.61,3.47,,,,,,,,,,,,
147.94,8.6,3.38,,,,,,,,,,,,
148.13,8.59,3.3,,,,,,,,,,,,
148.32001,8.57,3.22,,,,,,,,,,,,
148.50999,8.56,3.14,,,,,,,,,,,,
148.7,8.55,3.05,,,,,,,,,,,,
148.89,8.54,2.97,,,,,,,,,,,,
149.08,8.53,2.89,,,,,,,,,,,,
149.27,8.51,2.82,,,,,,,,,,,,
149.46001,8.5,2.74,,,,,,,,,,,,
149.64999,8.49,2.66,,,,,,,,,,,,
149.84,8.48,2.59,,,,,,,,,,,,
150.03,8.46,2.51,,,,,,,,,,,,
150.22,8.45,2.44,,,,,,,,,,,,
150.41,8.44,2.36,,,,,,,,,,,,
150.60001,8.43,2.29,,,,,,,,,,,,
150.78999,8.42,2.22,,,,,,,,,,,,
150.98,8.41,2.15,,,,,,,,,,,,
151.17,8.39,2.08,,,,,,,,,,,,
151.36,8.38,2.02,,,,,,,,,,,,
151.55,8.37,1.95,,,,,,,,,,,,
151.74001,8.36,1.88,,,,,,,,,,,,
151.92999,8.35,1.82,,,,,,,,,,,,
152.12,8.33,1.76,,,,,,,,,,,,
152.31,8.32,1.69,,,,,,,,,,,,
152.5,8.31,1.63,,,,,,,,,,,,
152.69,8.3,1.57,,,,,,,,,,,,
152.88,8.29,1.51,,,,,,,,,,,,
153.07001,8.28,1.46,,,,,,,,,,,,
153.25999,8.27,1.4,,,,,,,,,,,,
153.45,8.25,1.34,,,,,,,,,,,,
153.64,8.24,1.29,,,,,,,,,,,,
153.83,8.23,1.24,,,,,,,,,,,,
154.02,8.22,1.18,,,,,,,,,,,,
154.21001,8.21,1.13,,,,,,,,,,,,
154.39999,8.2,1.08,,,,,,,,,,,,
154.59,8.19,1.03,,,,,,,,,,,,
154.78,8.17,0.99,,,,,,,,,,,,
154.97,8.16,0.94,,,,,,,,,,,,
155.16,8.15,0.9,,,,,,,,,,,,
155.35001,8.14,0.85,,,,,,,,,,,,
155.53999,8.13,0.81,,,,,,,,,,,,
155.73,8.12,0.77,,,,,,,,,,,,
155.92,8.11,0.73,,,,,,,,,,,,
156.11,8.1,0.69,,,,,,,,,,,,
156.3,8.09,0.65,,,,,,,,,,,,
156.49001,8.07,0.61,,,,,,,,,,,,
156.67999,8.06,0.58,,,,,,,,,,,,
156.87,8.05,0.54,,,,,,,,,,,,
157.06,8.04,0.51,,,,,,,,,,,,
157.25,8.03,0.47,,,,,,,,,,,,
157.44,8.02,0.44,,,,,,,,,,,,
157.63,8.01,0.41,,,,,,,,,,,,
157.82001,8,0.38,,,,,,,,,,,,
158.00999,7.99,0.35,,,,,,,,,,,,
158.2,7.98,0.32,,,,,,,,,,,,
158.39,7.97,0.29,,,,,,,,,,,,
158.58,7.95,0.26,,,,,,,,,,,,
158.77,7.94,0.23,,,,,,,,,,,,
158.96001,7.93,0.21,,,,,,,,,,,,
159.14999,7.92,0.18,,,,,,,,,,,,
159.34,7.91,0.16,,,,,,,,,,,,
159.53,7.9,0.13,,,,,,,,,,,,
159.72,7.89,0.11,,,,,,,,,,,,
159.91,7.88,0.09,,,,,,,,,,,,
160.10001,7.87,0.06,,,,,,,,,,,,
160.28999,7.86,0.04,,,,,,,,,,,,
160.48,7.85,0.02,,,,,,,,,,,,
160.67,7.84,0,,,,,,,,,,,,
160.86,7.83,-0.02,,,,,,,,,,,,
161.05,7.82,-0.04,,,,,,,,,,,,
161.24001,7.81,-0.06,,,,,,,,,,,,
161.42999,7.8,-0.08,,,,,,,,,,,,
161.62,7.79,-0.1,,,,,,,,,,,,
161.81,7.78,-0.12,,,,,,,,,,,,
162,7.77,-0.14,,,,,,,,,,,,
162.19,7.76,-0.16,,,,,,,,,,,,
162.38,7.74,-0.17,,,,,,,,,,,,
162.57001,7.73,-0.19,,,,,,,,,,,,
162.75999,7.72,-0.21,,,,,,,,,,,,
162.95,7.71,-0.22,,,,,,,,,,,,
163.14,7.7,-0.24,,,,,,,,,,,,
163.33,7.69,-0.25,,,,,,,,,,,,
163.52,7.68,-0.27,,,,,,,,,,,,
163.71001,7.67,-0.28,,,,,,,,,,,,
163.89999,7.66,-0.3,,,,,,,,,,,,
164.09,7.65,-0.31,,,,,,,,,,,,
164.28,7.64,-0.33,,,,,,,,,,,,
164.47,7.63,-0.34,,,,,,,,,,,,
164.66,7.62,-0.35,,,,,,,,,,,,
164.85001,7.61,-0.36,,,,,,,,,,,,
165.03999,7.6,-0.37,,,,,,,,,,,,
165.23,7.59,-0.39,,,,,,,,,,,,
165.42,7.58,-0.4,,,,,,,,,,,,
165.61,7.57,-0.41,,,,,,,,,,,,
165.8,7.56,-0.42,,,,,,,,,,,,
165.99001,7.55,-0.43,,,,,,,,,,,,
166.17999,7.54,-0.44,,,,,,,,,,,,
166.37,7.54,-0.45,,,,,,,,,,,,
166.56,7.53,-0.46,,,,,,,,,,,,
166.75,7.52,-0.47,,,,,,,,,,,,
166.94,7.51,-0.48,,,,,,,,,,,,
167.13,7.5,-0.48,,,,,,,,,,,,
167.32001,7.49,-0.49,,,,,,,,,,,,
167.50999,7.48,-0.5,,,,,,,,,,,,
167.7,7.47,-0.51,,,,,,,,,,,,
167.89,7.46,-0.52,,,,,,,,,,,,
168.08,7.45,-0.53,,,,,,,,,,,,
168.27,7.44,-0.54,,,,,,,,,,,,
168.46001,7.43,-0.55,,,,,,,,,,,,
168.64999,7.42,-0.55,,,,,,,,,,,,
168.84,7.41,-0.56,,,,,,,,,,,,
169.03,7.4,-0.57,,,,,,,,,,,,
169.22,7.39,-0.58,,,,,,,,,,,,
169.41,7.38,-0.59,,,,,,,,,,,,
169.60001,7.37,-0.59,,,,,,,,,,,,
169.78999,7.36,-0.6,,,,,,,,,,,,
169.98,7.35,-0.61,,,,,,,,,,,,
170.17,7.34,-0.61,,,,,,,,,,,,
170.36,7.34,-0.62,,,,,,,,,,,,
170.55,7.33,-0.63,,,,,,,,,,,,
170.74001,7.32,-0.63,,,,,,,,,,,,
170.92999,7.31,-0.64,,,,,,,,,,,,
171.12,7.3,-0.65,,,,,,,,,,,,
171.31,7.29,-0.65,,,,,,,,,,,,
171.5,7.28,-0.66,,,,,,,,,,,,
171.69,7.27,-0.67,,,,,,,,,,,,
171.88,7.26,-0.67,,,,,,,,,,,,
172.07001,7.25,-0.68,,,,,,,,,,,,
172.25999,7.24,-0.68,,,,,,,,,,,,
172.45,7.23,-0.69,,,,,,,,,,,,
172.64,7.23,-0.69,,,,,,,,,,,,
172.83,7.22,-0.7,,,,,,,,,,,,
173.02,7.21,-0.7,,,,,,,,,,,,
173.21001,7.2,-0.71,,,,,,,,,,,,
173.39999,7.19,-0.72,,,,,,,,,,,,
173.59,7.18,-0.72,,,,,,,,,,,,
173.78,7.17,-0.73,,,,,,,,,,,,
173.97,7.16,-0.73,,,,,,,,,,,,
174.16,7.15,-0.74,,,,,,,,,,,,
174.35001,7.14,-0.74,,,,,,,,,,,,
174.53999,7.14,-0.75,,,,,,,,,,,,
174.73,7.13,-0.75,,,,,,,,,,,,
174.92,7.12,-0.76,,,,,,,,,,,,
175.11,7.11,-0.76,,,,,,,,,,,,
175.3,7.1,-0.77,,,,,,,,,,,,
175.49001,7.09,-0.77,,,,,,,,,,,,
175.67999,7.08,-0.78,,,,,,,,,,,,
175.87,7.07,-0.78,,,,,,,,,,,,
176.06,7.07,-0.79,,,,,,,,,,,,
176.25,7.06,-0.79,,,,,,,,,,,,
176.44,7.05,-0.8,,,,,,,,,,,,
176.63,7.04,-0.8,,,,,,,,,,,,
176.82001,7.03,-0.81,,,,,,,,,,,,
177.00999,7.02,-0.81,,,,,,,,,,,,
177.2,7.01,-0.82,,,,,,,,,,,,
177.39,7,-0.82,,,,,,,,,,,,
177.58,7,-0.83,,,,,,,,,,,,
177.77,6.99,-0.83,,,,,,,,,,,,
177.96001,6.98,-0.84,,,,,,,,,,,,
178.14999,6.97,-0.84,,,,,,,,,,,,
178.34,6.96,-0.85,,,,,,,,,,,,
178.53,6.95,-0.85,,,,,,,,,,,,
178.72,6.95,-0.86,,,,,,,,,,,,
178.91,6.94,-0.86,,,,,,,,,,,,
179.10001,6.93,-0.86,,,,,,,,,,,,
179.28999,6.92,-0.87,,,,,,,,,,,,
179.48,6.91,-0.87,,,,,,,,,,,,
179.67,6.9,-0.88,,,,,,,,,,,,
179.86,6.9,-0.88,,,,,,,,,,,,
180.05,6.89,-0.89,,,,,,,,,,,,
180.24001,6.88,-0.89,,,,,,,,,,,,
180.42999,6.87,-0.9,,,,,,,,,,,,
180.62,6.86,-0.9,,,,,,,,,,,,
180.81,6.85,-0.91,,,,,,,,,,,,
181,6.85,-0.91,,,,,,,,,,,,
181.19,6.84,-0.91,,,,,,,,,,,,
181.38,6.83,-0.92,,,,,,,,,,,,
181.57001,6.82,-0.92,,,,,,,,,,,,
181.75999,6.81,-0.93,,,,,,,,,,,,
181.95,6.8,-0.93,,,,,,,,,,,,
182.14,6.8,-0.94,,,,,,,,,,,,
182.33,6.79,-0.94,,,,,,,,,,,,
182.52,6.78,-0.95,,,,,,,,,,,,
182.71001,6.77,-0.95,,,,,,,,,,,,
182.89999,6.76,-0.96,,,,,,,,,,,,
183.09,6.76,-0.96,,,,,,,,,,,,
183.28,6.75,-0.96,,,,,,,,,,,,
183.47,6.74,-0.97,,,,,,,,,,,,
183.66,6.73,-0.97,,,,,,,,,,,,
183.85001,6.72,-0.98,,,,,,,,,,,,
184.03999,6.72,-0.98,,,,,,,,,,,,
184.23,6.71,-0.99,,,,,,,,,,,,
184.42,6.7,-0.99,,,,,,,,,,,,
184.61,6.69,-1,,,,,,,,,,,,
184.8,6.68,-1,,,,,,,,,,,,
184.99001,6.68,-1.01,,,,,,,,,,,,
185.17999,6.67,-1.01,,,,,,,,,,,,
185.37,6.66,-1.01,,,,,,,,,,,,
185.56,6.65,-1.02,,,,,,,,,,,,
185.75,6.64,-1.02,,,,,,,,,,,,
185.94,6.64,-1.03,,,,,,,,,,,,
186.13,6.63,-1.03,,,,,,,,,,,,
186.32001,6.62,-1.04,,,,,,,,,,,,
186.50999,6.61,-1.04,,,,,,,,,,,,
186.7,6.61,-1.05,,,,,,,,,,,,
186.89,6.6,-1.05,,,,,,,,,,,,
187.08,6.59,-1.06,,,,,,,,,,,,
187.27,6.58,-1.06,,,,,,,,,,,,
187.46001,6.57,-1.07,,,,,,,,,,,,
187.64999,6.57,-1.07,,,,,,,,,,,,
187.84,6.56,-1.07,,,,,,,,,,,,
188.03,6.55,-1.08,,,,,,,,,,,,
188.22,6.54,-1.08,,,,,,,,,,,,
188.41,6.54,-1.09,,,,,,,,,,,,
188.60001,6.53,-1.09,,,,,,,,,,,,
188.78999,6.52,-1.1,,,,,,,,,,,,
188.98,6.51,-1.1,,,,,,,,,,,,
189.17,6.51,-1.11,,,,,,,,,,,,
189.36,6.5,-1.11,,,,,,,,,,,,
189.55,6.49,-1.12,,,,,,,,,,,,
189.74001,6.48,-1.12,,,,,,,,,,,,
189.92999,6.48,-1.12,,,,,,,,,,,,
190.12,6.47,-1.13,,,,,,,,,,,,
190.31,6.46,-1.13,,,,,,,,,,,,
190.5,6.45,-1.14,,,,,,,,,,,,
190.69,6.45,-1.14,,,,,,,,,,,,
190.88,6.44,-1.15,,,,,,,,,,,,
191.07001,6.43,-1.15,,,,,,,,,,,,
191.25999,6.42,-1.16,,,,,,,,,,,,
191.45,6.42,-1.16,,,,,,,,,,,,
191.64,6.41,-1.17,,,,,,,,,,,,
191.83,6.4,-1.17,,,,,,,,,,,,
192.02,6.4,-1.17,,,,,,,,,,,,
192.21001,6.39,-1.18,,,,,,,,,,,,
192.39999,6.38,-1.18,,,,,,,,,,,,
192.59,6.37,-1.19,,,,,,,,,,,,
192.78,6.37,-1.19,,,,,,,,,,,,
192.97,6.36,-1.2,,,,,,,,,,,,
193.16,6.35,-1.2,,,,,,,,,,,,
193.35001,6.34,-1.21,,,,,,,,,,,,
193.53999,6.34,-1.21,,,,,,,,,,,,
193.73,6.33,-1.22,,,,,,,,,,,,
193.92,6.32,-1.22,,,,,,,,,,,,
194.11,6.32,-1.22,,,,,,,,,,,,
194.3,6.31,-1.23,,,,,,,,,,,,
194.49001,6.3,-1.23,,,,,,,,,,,,
194.67999,6.29,-1.24,,,,,,,,,,,,
194.87,6.29,-1.24,,,,,,,,,,,,
195.06,6.28,-1.25,,,,,,,,,,,,
195.25,6.27,-1.25,,,,,,,,,,,,
195.44,6.27,-1.26,,,,,,,,,,,,
195.63,6.26,-1.26,,,,,,,,,,,,
195.82001,6.25,-1.27,,,,,,,,,,,,
196.00999,6.24,-1.27,,,,,,,,,,,,
196.2,6.24,-1.28,,,,,,,,,,,,
196.39,6.23,-1.28,,,,,,,,,,,,
196.58,6.22,-1.28,,,,,,,,,,,,
196.77,6.22,-1.29,,,,,,,,,,,,
196.96001,6.21,-1.29,,,,,,,,,,,,
197.14999,6.2,-1.3,,,,,,,,,,,,
197.34,6.2,-1.3,,,,,,,,,,,,
197.53,6.19,-1.31,,,,,,,,,,,,
197.72,6.18,-1.31,,,,,,,,,,,,
197.91,6.17,-1.32,,,,,,,,,,,,
198.10001,6.17,-1.32,,,,,,,,,,,,
198.28999,6.16,-1.33,,,,,,,,,,,,
198.48,6.15,-1.33,,,,,,,,,,,,
198.67,6.15,-1.33,,,,,,,,,,,,
198.86,6.14,-1.34,,,,,,,,,,,,
199.05,6.13,-1.34,,,,,,,,,,,,
199.24001,6.13,-1.35,,,,,,,,,,,,
199.42999,6.12,-1.35,,,,,,,,,,,,
199.62,6.11,-1.36,,,,,,,,,,,,
199.81,6.11,-1.36,,,,,,,,,,,,
200,6.1,-1.37,,,,,,,,,,,,
